algorithm,algorithm_metrics.in_place,algorithm_metrics.space_complexity,algorithm_metrics.stable,algorithm_metrics.time_complexity,category,created_at,dataset_size,dataset_type,execution.average_ms,execution.maximum_ms,execution.median_ms,execution.minimum_ms,execution.standard_deviation_ms,id,metadata.benchmark_engine,metadata.python_version,peak_memory_kb,runs
merge_sort,False,O(n),True,O(n log n),Sorting,2026-07-28T08:19:32.048525,1000,random,4.180766666650015,5.220199999712349,4.014699999970617,3.30740000026708,0.9671528125409968,595c1334-81fb-4d16-a961-30b996cd2983,DSA Benchmark Studio,3.x,0.0,3
insertion_sort,True,O(1),True,O(n²),Sorting,2026-07-28T08:19:28.848826,1000,random,47.50743333321831,52.50210000031075,49.10959999961051,40.91059999973368,5.959523603948412,87c8cbb8-4f90-4a34-a2a2-5eff10aaae43,DSA Benchmark Studio,3.x,0.0,3
selection_sort,True,O(1),False,O(n²),Sorting,2026-07-28T08:19:26.052585,1000,random,51.922166666372505,62.0439999993323,51.985899999635876,41.73660000014934,10.153850015389763,27350897-32f4-47ca-aeea-c8db7acff393,DSA Benchmark Studio,3.x,0.0,3
counting_sort,False,O(n+k),True,O(n+k),Sorting,2026-07-28T08:19:21.651132,1000,random,0.9194999996301098,1.1416999996072263,1.0360999995100428,0.58069999977306,0.29812232377412456,232ae895-944c-40a3-9330-b74b472f8fb3,DSA Benchmark Studio,3.x,0.0,3
quick_sort,True,O(log n),False,O(n log n),Sorting,2026-07-28T08:19:18.490923,1000,random,3.8800666664731884,7.356599999184255,2.3172000001068227,1.9664000001284876,3.0158710466604064,d41d858f-eebd-4e69-8faa-e6085611bc5c,DSA Benchmark Studio,3.x,0.0,3
shell_sort,True,O(1),False,Depends on gap sequence,Sorting,2026-07-28T07:53:34.248464,1000,random,2.0682000000912617,2.599000000373053,2.139299999726063,1.4663000001746695,0.5696873968005663,33352f07-44e3-4c3a-919c-56187a2c4674,DSA Benchmark Studio,3.x,0.0,3
insertion_sort,True,O(1),True,O(n²),Sorting,2026-07-28T07:53:30.897733,1000,random,22.67366666668143,26.031500000499364,23.76689999982773,18.222599999717204,4.017598679071931,3bc10f18-53d2-4baa-98ef-a792619e873e,DSA Benchmark Studio,3.x,0.0,3
heap_sort,True,O(1),False,O(n log n),Sorting,2026-07-28T07:53:25.949583,1000,random,0.35509999967568245,0.3633999995145132,0.3569999998944695,0.3448999996180646,0.009395211528523054,41707787-7da8-4ab9-af47-b41835f58e30,DSA Benchmark Studio,3.x,0.0,3
quick_sort,True,O(log n),False,O(n log n),Sorting,2026-07-28T07:53:11.388281,1000,random,1.666333333256868,1.9487999998091254,1.5897000002951245,1.4604999996663537,0.2530093344631316,05f4d96c-e553-4e90-b827-146d572b883c,DSA Benchmark Studio,3.x,0.0,3
